Attribute,1 mile radius,2 mile radius,3 mile radius,4 mile radius,5 mile radius,6 mile radius,USA
"# Total Population, 2025 [Estimated]",29343.0,64339.0,122594.0,208260.0,286631.0,385623.0,336479563.0
"Median Household Income, 2025 [Estimated]",,,,,,,84068.97
"% Hispanic or Latino Origin [B03003] | Total population | Hispanic or Latino, 2024",88.2637,88.7799,86.429,81.7497,79.81,76.2329,19.3356
"Median Household Income in the Past 12 Months (in 2024 Inflation-Adjusted Dollars) [B19013] | Median household income in the past 12 months (in 2024 inflation-adjusted dollars), 2024",,,,,,,80734.0
"% Household Income in the Past 12 Months (in 2024 Inflation-Adjusted Dollars) [B19001] | Households | Less than $10,000, 2024",5.9343,7.4238,6.5419,5.5796,5.3865,5.7032,4.9506
"% Household Income in the Past 12 Months (in 2024 Inflation-Adjusted Dollars) [B19001] | Households | $10,000 to $14,999, 2024",7.5778,5.7228,5.5114,5.2809,5.3082,4.8848,3.4102
"% Household Income in the Past 12 Months (in 2024 Inflation-Adjusted Dollars) [B19001] | Households | $15,000 to $19,999, 2024",6.188,5.3806,5.2474,5.7403,5.1281,4.8481,2.9859
"% Household Income in the Past 12 Months (in 2024 Inflation-Adjusted Dollars) [B19001] | Households | $20,000 to $24,999, 2024",4.7209,4.0764,4.4835,4.9552,4.9233,4.7049,3.2853
"% Household Income in the Past 12 Months (in 2024 Inflation-Adjusted Dollars) [B19001] | Households | $25,000 to $29,999, 2024",5.835,6.055,5.2679,5.7005,5.5419,5.1014,3.2443
"% Household Income in the Past 12 Months (in 2024 Inflation-Adjusted Dollars) [B19001] | Households | $30,000 to $34,999, 2024",6.2652,5.822,5.8652,5.9323,5.9608,5.4454,3.3729
"% Household Income in the Past 12 Months (in 2024 Inflation-Adjusted Dollars) [B19001] | Households | $35,000 to $39,999, 2024",4.8423,5.2666,5.7267,5.6877,5.7539,5.4289,3.3615
"% Household Income in the Past 12 Months (in 2024 Inflation-Adjusted Dollars) [B19001] | Households | $45,000 to $49,999, 2024",3.2098,4.2995,4.504,4.5058,4.1379,4.1526,3.3248
"% Household Income in the Past 12 Months (in 2024 Inflation-Adjusted Dollars) [B19001] | Households | $40,000 to $44,999, 2024",2.2502,3.4515,4.2194,4.5015,4.6381,4.7147,3.4305
"% Household Income in the Past 12 Months (in 2024 Inflation-Adjusted Dollars) [B19001] | Households | $50,000 to $59,999, 2024",7.666,7.2452,6.8803,7.1327,7.1394,7.5948,6.4079
"% Household Income in the Past 12 Months (in 2024 Inflation-Adjusted Dollars) [B19001] | Households | $60,000 to $74,999, 2024",11.7251,9.5314,10.0359,10.8164,10.5928,11.2722,9.0932
"% Household Income in the Past 12 Months (in 2024 Inflation-Adjusted Dollars) [B19001] | Households | $75,000 to $99,999, 2024",15.4423,15.0409,13.6042,13.2442,13.199,13.1158,12.6287
"% Household Income in the Past 12 Months (in 2024 Inflation-Adjusted Dollars) [B19001] | Households | $100,000 to $124,999, 2024",7.4785,6.913,7.8313,7.9249,8.5444,8.9258,10.1131
"% Household Income in the Past 12 Months (in 2024 Inflation-Adjusted Dollars) [B19001] | Households | $125,000 to $149,999, 2024",3.662,6.7146,6.001,5.4971,5.4585,5.4401,7.4303
"% Household Income in the Past 12 Months (in 2024 Inflation-Adjusted Dollars) [B19001] | Households | $150,000 to $199,999, 2024",4.7099,4.0665,5.1038,4.2867,4.7009,4.9658,9.5996
"% Household Income in the Past 12 Months (in 2024 Inflation-Adjusted Dollars) [B19001] | Households | $200,000 or more, 2024",2.4928,2.9903,3.1761,3.2143,3.5862,3.7015,13.3611
"Median Age by Sex [B01002] | Median age | Total population, 2024",,,,,,,38.9
"# Sex by Age [B01001] | Total population | 15 to 17 years, 2024",1387.0,3606.0,7049.0,11507.0,16222.0,21552.0,13192298.0
"# Sex by Age [B01001] | Total population | 18 and 19 years, 2024",931.0,2193.0,3576.0,6158.0,9130.0,11754.0,8816749.0
"# Sex by Age [B01001] | Total population | 20 years, 2024",589.0,1334.0,2184.0,3876.0,4886.0,6042.0,4406099.0
"# Sex by Age [B01001] | Total population | 21 years, 2024",273.0,1025.0,1717.0,3121.0,4478.0,6052.0,4382288.0
"# Sex by Age [B01001] | Total population | 22 to 24 years, 2024",1464.0,3011.0,5819.0,10336.0,13511.0,18637.0,12992226.0
"# Sex by Age [B01001] | Total population | 25 to 29 years, 2024",2159.0,5221.0,9728.0,15803.0,20300.0,27077.0,22386963.0
"# Sex by Age [B01001] | Total population | 35 to 39 years, 2024",1607.0,3362.0,7158.0,12446.0,17819.0,24456.0,22541865.0
"# Sex by Age [B01001] | Total population | 30 to 34 years, 2024",2685.0,4954.0,9620.0,15207.0,19747.0,27256.0,23419577.0
"# Sex by Age [B01001] | Total population | 40 to 44 years, 2024",1842.0,3849.0,7992.0,14811.0,20340.0,27361.0,21695427.0
"# Sex by Age [B01001] | Total population | 45 to 49 years, 2024",1741.0,3919.0,6492.0,11797.0,17175.0,24430.0,19998651.0
"# Sex by Age [B01001] | Total population | 50 to 54 years, 2024",2161.0,4743.0,8305.0,12989.0,17831.0,23387.0,20745148.0
"# Sex by Age [B01001] | Total population | 55 to 59 years, 2024",1954.0,4411.0,7743.0,12968.0,18091.0,24912.0,20929873.0
"# Sex by Age [B01001] | Total population | 60 and 61 years, 2024",659.0,1290.0,2818.0,4373.0,6151.0,8669.0,8789644.0
"# Sex by Age [B01001] | Total population | 65 and 66 years, 2024",344.0,984.0,1813.0,3556.0,5241.0,6911.0,7880259.0
"# Sex by Age [B01001] | Total population | 62 to 64 years, 2024",718.0,1870.0,3529.0,6454.0,9357.0,12644.0,12666527.0
"# Sex by Age [B01001] | Total population | 67 to 69 years, 2024",528.0,1198.0,2701.0,4852.0,6623.0,9211.0,10832526.0
"# Sex by Age [B01001] | Total population | 70 to 74 years, 2024",630.0,1476.0,3001.0,6554.0,8961.0,12120.0,15380122.0
"# Sex by Age [B01001] | Total population | 75 to 79 years, 2024",448.0,951.0,1778.0,3661.0,5288.0,7599.0,10497221.0
"# Sex by Age [B01001] | Total population | 80 to 84 years, 2024",482.0,764.0,1225.0,2672.0,3780.0,5230.0,6611459.0
"# Sex by Age [B01001] | Total population | 85 years and over, 2024",242.0,599.0,981.0,1854.0,3055.0,4151.0,6432041.0
"Food | Food away from home (Household average), 2024",3254.3524,3260.047,3270.3059,3223.9649,3266.7345,3290.4948,4047.1119
"Food | Food away from home, 2024",29503959.08,65738847.78,127574633.83,226676969.7,317366522.09,439063884.53,528147026103.61
"Food | Food away from home | Food and nonalcoholic beverages at fast food (Household average), 2024",1591.5303,1577.2919,1557.6003,1516.0209,1529.7313,1532.3955,1745.0659
"% Language Spoken at Home | Spanish, 2025 [Estimated]",72.6318,70.7556,67.2035,64.1711,63.2579,60.5832,13.5174
