Attribute,"1 mile radius","3 mile radius","5 mile radius",USA
"# Total Population, 2025 [Estimated]",29343,122594,286631,336479563
"Median Household Income, 2025 [Estimated]",,,,84068.97
"% Hispanic or Latino Origin [B03003] | Total population | Hispanic or Latino, 2024",88.2637,86.429,79.81,19.3356
"Median Household Income in the Past 12 Months (in 2024 Inflation-Adjusted Dollars) [B19013] | Median household income in the past 12 months (in 2024 inflation-adjusted dollars), 2024",,,,80734
"% Household Income in the Past 12 Months (in 2024 Inflation-Adjusted Dollars) [B19001] | Households | Less than $10,000, 2024",5.9343,6.5419,5.3865,4.9506
"% Household Income in the Past 12 Months (in 2024 Inflation-Adjusted Dollars) [B19001] | Households | $10,000 to $14,999, 2024",7.5778,5.5114,5.3082,3.4102
"% Household Income in the Past 12 Months (in 2024 Inflation-Adjusted Dollars) [B19001] | Households | $15,000 to $19,999, 2024",6.188,5.2474,5.1281,2.9859
"% Household Income in the Past 12 Months (in 2024 Inflation-Adjusted Dollars) [B19001] | Households | $20,000 to $24,999, 2024",4.7209,4.4835,4.9233,3.2853
"% Household Income in the Past 12 Months (in 2024 Inflation-Adjusted Dollars) [B19001] | Households | $25,000 to $29,999, 2024",5.835,5.2679,5.5419,3.2443
"% Household Income in the Past 12 Months (in 2024 Inflation-Adjusted Dollars) [B19001] | Households | $30,000 to $34,999, 2024",6.2652,5.8652,5.9608,3.3729
"% Household Income in the Past 12 Months (in 2024 Inflation-Adjusted Dollars) [B19001] | Households | $35,000 to $39,999, 2024",4.8423,5.7267,5.7539,3.3615
"% Household Income in the Past 12 Months (in 2024 Inflation-Adjusted Dollars) [B19001] | Households | $45,000 to $49,999, 2024",3.2098,4.504,4.1379,3.3248
"% Household Income in the Past 12 Months (in 2024 Inflation-Adjusted Dollars) [B19001] | Households | $40,000 to $44,999, 2024",2.2502,4.2194,4.6381,3.4305
"% Household Income in the Past 12 Months (in 2024 Inflation-Adjusted Dollars) [B19001] | Households | $50,000 to $59,999, 2024",7.666,6.8803,7.1394,6.4079
"% Household Income in the Past 12 Months (in 2024 Inflation-Adjusted Dollars) [B19001] | Households | $60,000 to $74,999, 2024",11.7251,10.0359,10.5928,9.0932
"% Household Income in the Past 12 Months (in 2024 Inflation-Adjusted Dollars) [B19001] | Households | $75,000 to $99,999, 2024",15.4423,13.6042,13.199,12.6287
"% Household Income in the Past 12 Months (in 2024 Inflation-Adjusted Dollars) [B19001] | Households | $100,000 to $124,999, 2024",7.4785,7.8313,8.5444,10.1131
"% Household Income in the Past 12 Months (in 2024 Inflation-Adjusted Dollars) [B19001] | Households | $125,000 to $149,999, 2024",3.662,6.001,5.4585,7.4303
"% Household Income in the Past 12 Months (in 2024 Inflation-Adjusted Dollars) [B19001] | Households | $150,000 to $199,999, 2024",4.7099,5.1038,4.7009,9.5996
"% Household Income in the Past 12 Months (in 2024 Inflation-Adjusted Dollars) [B19001] | Households | $200,000 or more, 2024",2.4928,3.1761,3.5862,13.3611
"Median Age by Sex [B01002] | Median age | Total population, 2024",,,,38.9
"# Sex by Age [B01001] | Total population | 15 to 17 years, 2024",1387,7049,16222,13192298
"# Sex by Age [B01001] | Total population | 18 and 19 years, 2024",931,3576,9130,8816749
"# Sex by Age [B01001] | Total population | 20 years, 2024",589,2184,4886,4406099
"# Sex by Age [B01001] | Total population | 21 years, 2024",273,1717,4478,4382288
"# Sex by Age [B01001] | Total population | 22 to 24 years, 2024",1464,5819,13511,12992226
"# Sex by Age [B01001] | Total population | 25 to 29 years, 2024",2159,9728,20300,22386963
"# Sex by Age [B01001] | Total population | 35 to 39 years, 2024",1607,7158,17819,22541865
"# Sex by Age [B01001] | Total population | 30 to 34 years, 2024",2685,9620,19747,23419577
"# Sex by Age [B01001] | Total population | 40 to 44 years, 2024",1842,7992,20340,21695427
"# Sex by Age [B01001] | Total population | 45 to 49 years, 2024",1741,6492,17175,19998651
"# Sex by Age [B01001] | Total population | 50 to 54 years, 2024",2161,8305,17831,20745148
"# Sex by Age [B01001] | Total population | 55 to 59 years, 2024",1954,7743,18091,20929873
"# Sex by Age [B01001] | Total population | 60 and 61 years, 2024",659,2818,6151,8789644
"# Sex by Age [B01001] | Total population | 65 and 66 years, 2024",344,1813,5241,7880259
"# Sex by Age [B01001] | Total population | 62 to 64 years, 2024",718,3529,9357,12666527
"# Sex by Age [B01001] | Total population | 67 to 69 years, 2024",528,2701,6623,10832526
"# Sex by Age [B01001] | Total population | 70 to 74 years, 2024",630,3001,8961,15380122
"# Sex by Age [B01001] | Total population | 75 to 79 years, 2024",448,1778,5288,10497221
"# Sex by Age [B01001] | Total population | 80 to 84 years, 2024",482,1225,3780,6611459
"# Sex by Age [B01001] | Total population | 85 years and over, 2024",242,981,3055,6432041
"Food | Food away from home (Household average), 2024",3254.3524,3270.3059,3266.7345,4047.1119
"Food | Food away from home, 2024",29503959.08,127574633.83,317366522.09,528147026103.61
"Food | Food away from home | Food and nonalcoholic beverages at fast food (Household average), 2024",1591.5303,1557.6003,1529.7313,1745.0659
"% Language Spoken at Home | Spanish, 2025 [Estimated]",72.6318,67.2035,63.2579,13.5174
